"file","md5"
"atlas_rough_annotations_level1_degs.csv","101e1b01d618ad540b532ea964922a8e"
"atlas_rough_RNA_snn_res.0.04_degs.csv","b6f8da2e06dbb400dd20425d11aee514"
"b_cells.rds","fab7dfc8803d7140a04d03346e66c46c"
"cycling.rds","f1da81d6305c0223e511db4fcc65c40c"
"endothelial.rds","e219bcf65aebf7317efa38d958ae11c7"
"mast.rds","e0f4dd44a5237e559c982b95fdc8cd8a"
"myeloid.rds","35c05c930194a6a7bce0345f0efe4e67"
"rough_atlas.rds","01d9b9b0d892a3e01111a8f4bd0ac15d"
"tnk_cells.rds","ee82e3ddb2fc9b15caf64ae465286e2a"
"vics.rds","21bdc3f8f78c76c916c6e36b2f26583f"
