"","md5"
"CureAS_ACL_H29D_QuantSeq","1590399c264cd9a6dec5d0bed48fc5ee"
"CureAS_AKY_H29D_QuantSeq","704a517a3cadeb583d34acb797b64cd3"
"CureAS_C4J_H29D_QuantSeq","c95a01ef287407de54db5350f521f1cb"
"CureAS_C5H_H1D_QuantSeq","4dd7a7a22d933d145ead0bfa3de0d4d6"
"CureAS_CBN_H1D_QuantSeq","1aeebd08cbbc6ed596beef85592a578f"
"CureAS_DA5_H1D_QuantSeq","e71c0cd9b73a66c4be697a72b18c74cd"
"CureAS_DII_H29D_QuantSeq","420808e83174c7a6e52b6ac3ff1264d5"
"CureAS_EZ5_H1D_QuantSeq","c67e3058c88a524059a418c4de58f14a"
"CureAS_GW1_H1D_QuantSeq","13e117ce6e18e2d61fcb2c8570eba0fc"
"CureAS_HFU_H1D_QuantSeq","70e1353916127fbf6f2cca22893ec095"
"CureAS_I4Q_H29D_QuantSeq","670cc9643f23f0cdcf01f432bb57aed7"
"CureAS_INV_H1D_QuantSeq","065d2a5b04b8d24107374065bdacd4ee"
"CureAS_JBJ_H1D_QuantSeq","1a02c87d8ac2e4d4c47a0fcf48e8e749"
"CureAS_JHP_H1D_QuantSeq","dee9dc4c61a09b31406eff3cb6a0bdb1"
"CureAS_JI1_H1D_QuantSeq","95ef062f76c57e2b39df8f0222470c2f"
"CureAS_JU7_H29D_QuantSeq","08151067e11fa3cbcc7d762c1ebea6bf"
"CureAS_KS4_H29D_QuantSeq","fd70ad63fdaffb0acad108328698ef76"
"CureAS_LTO_H30D_QuantSeq","ebc750d11799f6fa9eb45a7128e2c68f"
"CureAS_M6Y_H1D_QuantSeq","1145615311973a0fef84529068166f17"
"CureAS_MK0_H29D_QuantSeq","81f8d6cb3e48f9fe4499030a693c2793"
"CureAS_N60_H1D_QuantSeq","c7b7d58952dbdfe5fe0359b4b06fc93a"
"CureAS_O2N_H1D_QuantSeq","b10fcdb7311d0f3dc459588fcbbaaf76"
"CureAS_OX1_H1D_QuantSeq","c29edf9863519be10c69556def1082c6"
"CureAS_PAA_H1D_QuantSeq","383dd8886779a00b2ae38fa67a870810"
"CureAS_PGS_H1D_QuantSeq","698b17ed11375e92468d12c142bbeb1d"
"CureAS_PJN_H29D_QuantSeq","badd3d19d837bee395ea9e720f435a0d"
"CureAS_PUM_H1D_QuantSeq","3a6d72d3a20654061665f7c25ca75418"
"CureAS_Q8H_H1D_QuantSeq","a3dee05a0f3fa1425ba5bbd540cd2533"
"CureAS_QZJ_H29D_QuantSeq","bcf7161880e745df986661b9f2509593"
"CureAS_R9L_H30D_QuantSeq","e0c756e391847418276f124aef5faa7d"
"CureAS_RW7_H1D_QuantSeq","b361448fb430b83ab34b7379581fe583"
"CureAS_SFA_H1D_QuantSeq","6c8c526afc42934ecaad721e4ab1a05d"
"CureAS_TPK_H1D_QuantSeq","a66749efd7a704c7d7c3a0c383f9bcb1"
"CureAS_UKG_H1D_QuantSeq","4f7ca111d2b401ecd59eb6b3def67c61"
"CureAS_V5R_H30D_QuantSeq","01c9e47cecb4c5c6bb38dfbf267cd766"
"CureAS_XZD_H1D_QuantSeq","8109e53d4a390cf4c5900215b6db587d"
"CureAS_Y84_H1D_QuantSeq","885225892705348b4ace8a626b857ff5"
"CureAS_YDA_H29D_QuantSeq","a0d590d1887908a5c392bd64e8e98735"
"CureAS_Z27_H1D_QuantSeq","2df9e7e6e464cf81a99559bdc782a74c"
